{
    "MLP_Simple": {
        "Mean Acc": 42.1473220200102,
        "Std": 2.079148619165795
    },
    "CNN1D_Simple": {
        "Mean Acc": 43.299872543225774,
        "Std": 1.835015049606484
    },
    "ResBiLSTM": {
        "Mean Acc": 46.490053139653234,
        "Std": 1.8686930927078733
    },
    "RandomForest": {
        "Mean Acc": 42.43608074857028,
        "Std": 2.4138040282091766
    }
}